Country,Date,Confirmed,Deaths,Recovered,Active,New_Cases,New_Deaths,New_Recovered,MA_7_Cases,MA_14_Cases,MA_7_Deaths,MA_7_Recovered,Daily_Cases,Daily_Deaths,Daily_Recovered,Growth_Rate,CFR,Recovery_Rate,Active_Ratio,Doubling_Time,Case_Acceleration,Cases_Lag_1,Deaths_Lag_1,Cases_Lag_3,Deaths_Lag_3,Cases_Lag_7,Deaths_Lag_7,Cases_Lag_14,Deaths_Lag_14,Pandemic_Phase,Day_of_Year,Week_of_Year,Month,Days_Since_Start,Growth_Factor,Risk_Score,Risk_Label,Risk_Category,XGB_Risk_Label,XGB_Risk_Category,Risk_Prob_Low,Risk_Prob_Medium,Risk_Prob_High,Max_Risk_Prob
Afghanistan,2020-07-27,36263,1269,25198,9796,106,10,18,105.28571428571428,129.14285714285714,12.0,208.14285714285717,106.0,10.0,18.0,-12.396694214876035,3.499434685492099,69.48680473209608,27.013760582411823,999.0,-15.0,121.0,11.0,53.0,14.0,51.0,4.0,4.0,2.0,Growing,209,31,7,187,1.0,29,1,Medium,1,Medium,0.0060751643,0.99076265,0.00316218,0.99076265
Albania,2020-07-27,4880,144,2745,1991,117,6,63,101.28571428571428,93.5,4.428571428571429,56.142857142857146,117.0,6.0,63.0,-7.14285714285714,2.950819672131148,56.25,40.79918032786885,999.0,-9.0,126.0,4.0,104.0,5.0,81.0,1.0,117.0,2.0,Declining,209,31,7,187,1.0,29,1,Medium,1,Medium,0.004634455,0.9927228,0.0026426886,0.9927228
Algeria,2020-07-27,27973,1163,18837,7973,616,8,749,611.7142857142857,591.7142857142857,10.857142857142858,348.1428571428572,616.0,8.0,749.0,3.878583473861719,4.1575805240767885,67.33993493726092,28.50248453866228,18.2155181658764,23.0,593.0,9.0,675.0,12.0,607.0,9.0,494.0,7.0,Declining,209,31,7,187,1.0,42,2,High,2,High,0.0014311507,0.006762464,0.9918064,0.9918064
Andorra,2020-07-27,907,52,803,52,10,0,0,3.2857142857142856,3.5,0.0,0.0,10.0,0.0,0.0,0.0,5.733186328555679,88.53362734288865,5.733186328555679,999.0,10.0,0.0,0.0,8.0,0.0,4.0,0.0,3.0,0.0,Growing,209,31,7,187,1.0,36,1,Medium,1,Medium,0.022854704,0.9617025,0.01544275,0.9617025
Angola,2020-07-27,950,41,242,667,18,1,0,28.714285714285715,30.357142857142858,1.7142857142857142,3.0,18.0,1.0,0.0,12.5,4.315789473684211,25.473684210526315,70.21052631578948,5.884949192361718,2.0,16.0,1.0,29.0,2.0,44.0,0.0,19.0,0.0,Growing,209,31,7,187,1.0,85,2,High,2,High,0.0006460605,0.005934122,0.9934198,0.9934198
Antigua and Barbuda,2020-07-27,86,3,65,18,4,0,5,1.4285714285714286,0.8571428571428571,0.0,1.1428571428571428,4.0,0.0,5.0,0.0,3.488372093023256,75.5813953488372,20.930232558139537,999.0,4.0,0.0,0.0,6.0,0.0,0.0,0.0,0.0,0.0,Growing,209,31,7,187,1.0,29,1,Medium,1,Medium,0.02855218,0.9655498,0.005897994,0.9655498
Argentina,2020-07-27,167416,3059,72575,91782,4890,120,2057,5234.571428571428,4582.214285714285,98.0,2380.285714285714,4890.0,120.0,2057.0,16.65076335877862,1.827184976346347,43.35009795957376,54.822717064079896,4.500536160755796,698.0,4192.0,46.0,5493.0,105.0,4019.0,113.0,3099.0,58.0,Peak,209,31,7,187,1.0,75,2,High,2,High,0.0018384788,0.0041167503,0.99404484,0.99404484
Armenia,2020-07-27,37390,711,26665,10014,73,6,187,344.1428571428572,374.2142857142857,8.714285714285714,451.8571428571428,73.0,6.0,187.0,-77.25856697819314,1.901577962021931,71.31585985557636,26.78256218240171,999.0,-248.0,321.0,5.0,451.0,4.0,104.0,9.0,182.0,8.0,Low,209,31,7,187,1.0,19,0,Low,0,Low,0.9725653,0.025502225,0.0019324593,0.9725653
Australia,2020-07-27,15303,167,9311,5825,368,6,137,410.7142857142857,360.8571428571428,5.857142857142857,130.42857142857142,368.0,6.0,137.0,-30.827067669172937,1.0912892896817616,60.84427889956218,38.06443181075606,999.0,-164.0,532.0,6.0,355.0,6.0,359.0,3.0,271.0,0.0,Peak,209,31,7,187,1.0,19,0,Low,0,Low,0.98304075,0.015109047,0.0018501692,0.98304075
Austria,2020-07-27,20558,713,18246,1599,86,1,37,116.42857142857144,115.0,0.2857142857142857,83.85714285714286,86.0,1.0,37.0,-35.820895522388064,3.46823620974803,88.75376982196713,7.777993968284852,999.0,-48.0,134.0,0.0,115.0,0.0,88.0,0.0,51.0,0.0,Low,209,31,7,187,1.0,21,0,Low,0,Low,0.9747226,0.022830503,0.002446883,0.9747226
Azerbaijan,2020-07-27,30446,423,23242,6781,396,6,558,365.1428571428572,419.7142857142857,8.571428571428571,536.0,396.0,6.0,558.0,-5.035971223021585,1.389345069959929,76.33843526243184,22.272219667608223,999.0,-21.0,417.0,9.0,332.0,9.0,369.0,9.0,529.0,7.0,Peak,209,31,7,187,1.0,19,0,Low,0,Low,0.9944113,0.004669514,0.00091919646,0.9944113
Bahamas,2020-07-27,382,11,91,280,40,0,0,29.714285714285715,19.214285714285715,0.0,0.0,40.0,0.0,0.0,150.0,2.8795811518324608,23.82198952879581,73.29842931937172,0.75647079736603,24.0,16.0,0.0,42.0,0.0,21.0,0.0,2.0,0.0,Peak,209,31,7,187,1.0,85,2,High,2,High,0.00088553934,0.0063510225,0.99276346,0.99276346
Bahrain,2020-07-27,39482,141,36110,3231,351,1,421,363.7142857142857,429.0,1.8571428571428568,449.2857142857143,351.0,1.0,421.0,-8.59375,0.3571247657160225,91.45939921989768,8.183476014386303,999.0,-33.0,384.0,3.0,462.0,2.0,514.0,2.0,535.0,1.0,Growing,209,31,7,187,1.0,11,0,Low,0,Low,0.996167,0.0030125089,0.0008204219,0.996167
Bangladesh,2020-07-27,226225,2965,125683,97577,2772,37,1801,2681.714285714286,2809.3571428571427,42.42857142857143,1732.428571428571,2772.0,37.0,1801.0,21.846153846153847,1.310642059896121,55.5566360923859,43.13272184771798,3.5080246323997493,497.0,2275.0,54.0,2548.0,35.0,2928.0,50.0,3099.0,39.0,Peak,209,31,7,187,1.0,67,2,High,2,High,0.0028483993,0.0023848922,0.9947667,0.9947667
Barbados,2020-07-27,110,7,94,9,0,0,0,0.5714285714285714,0.5,0.0,0.4285714285714285,0.0,0.0,0.0,-100.0,6.363636363636363,85.45454545454545,8.181818181818182,999.0,-2.0,2.0,0.0,2.0,0.0,1.0,0.0,0.0,0.0,Low,209,31,7,187,1.0,36,1,Medium,1,Medium,0.029982958,0.95387113,0.016145842,0.95387113
Belarus,2020-07-27,67251,538,60492,6221,119,4,67,148.28571428571428,152.64285714285714,5.0,314.57142857142856,119.0,4.0,67.0,-8.461538461538465,0.7999881042661077,89.94959182763081,9.250420068103075,999.0,-11.0,130.0,4.0,158.0,5.0,118.0,4.0,182.0,4.0,Growing,209,31,7,187,1.0,11,0,Low,0,Low,0.99483573,0.0043156464,0.0008486491,0.99483573
Belgium,2020-07-27,66428,9822,17452,39154,402,1,14,333.42857142857144,265.7857142857143,2.4285714285714284,18.714285714285715,402.0,1.0,14.0,34.448160535117054,14.785933642439936,26.272053953152287,58.94201240440778,2.3416460841515536,103.0,299.0,0.0,352.0,5.0,388.0,5.0,0.0,0.0,Growing,209,31,7,187,1.0,100,2,High,2,High,0.0005452887,0.0018538145,0.99760085,0.99760085
Belize,2020-07-27,48,2,26,20,0,0,0,1.1428571428571428,0.7857142857142857,0.0,0.5714285714285714,0.0,0.0,0.0,0.0,4.166666666666666,54.16666666666666,41.66666666666667,999.0,0.0,0.0,0.0,1.0,0.0,0.0,0.0,0.0,0.0,Low,209,31,7,187,1.0,29,1,Medium,1,Medium,0.005994839,0.9877002,0.0063049765,0.9877002
Benin,2020-07-27,1770,35,1036,699,0,0,0,24.0,28.0,0.5714285714285714,36.285714285714285,0.0,0.0,0.0,-100.0,1.977401129943503,58.53107344632769,39.49152542372881,999.0,-76.0,76.0,1.0,0.0,0.0,0.0,0.0,0.0,0.0,Low,209,31,7,187,1.0,19,0,Low,0,Low,0.96159977,0.033930905,0.004469283,0.96159977
Bhutan,2020-07-27,99,0,86,13,4,0,1,1.2857142857142858,1.0714285714285714,0.0,0.4285714285714285,4.0,0.0,1.0,33.33333333333333,0.0,86.86868686868688,13.131313131313131,2.409420839653209,1.0,3.0,0.0,0.0,0.0,1.0,0.0,0.0,0.0,Growing,209,31,7,187,1.0,59,2,High,2,High,0.016056333,0.0064606722,0.97748303,0.97748303
Bolivia,2020-07-27,71181,2647,21478,47056,1752,64,309,1455.7142857142858,1566.5,61.285714285714285,371.8571428571428,1752.0,64.0,309.0,52.61324041811846,3.718688975990784,30.173782329554232,66.10752869445497,1.639666462331179,604.0,1148.0,48.0,1204.0,66.0,1409.0,67.0,1063.0,59.0,Peak,209,31,7,187,1.0,85,2,High,2,High,0.0007185771,0.0042719813,0.9950094,0.9950094
Bosnia and Herzegovina,2020-07-27,10498,294,4930,5274,731,14,375,288.42857142857144,251.2142857142857,5.571428571428571,167.85714285714286,731.0,14.0,375.0,0.0,2.8005334349399886,46.96132596685083,50.23814059820918,999.0,731.0,0.0,0.0,305.0,6.0,139.0,6.0,104.0,5.0,Declining,209,31,7,187,1.0,37,1,Medium,1,Medium,0.0034676702,0.9867731,0.009759308,0.9867731
Botswana,2020-07-27,739,2,63,674,53,1,11,31.0,24.285714285714285,0.1428571428571428,2.142857142857143,53.0,1.0,11.0,0.0,0.2706359945872801,8.525033829499323,91.2043301759134,999.0,53.0,0.0,0.0,94.0,0.0,0.0,0.0,0.0,0.0,Growing,209,31,7,187,1.0,27,1,Medium,1,Medium,0.019184237,0.9679261,0.012889647,0.9679261
Brazil,2020-07-27,2442375,87618,1846641,508116,23284,614,33728,46247.0,39814.857142857145,1071.142857142857,47477.28571428572,23284.0,614.0,33728.0,-5.2648710228659805,3.5874097957930293,75.60841394134808,20.8041762628589,999.0,-1294.0,24578.0,555.0,55891.0,1156.0,20257.0,632.0,20286.0,733.0,Growing,209,31,7,187,1.0,29,1,Medium,1,Medium,0.012861437,0.9806639,0.006474601,0.9806639
Brunei,2020-07-27,141,3,138,0,0,0,0,0.0,0.0,0.0,0.0,0.0,0.0,0.0,0.0,2.127659574468085,97.87234042553192,0.0,999.0,0.0,0.0,0.0,0.0,0.0,0.0,0.0,0.0,0.0,Low,209,31,7,187,1.0,21,0,Low,0,Low,0.9864741,0.01239081,0.0011351188,0.9864741
Bulgaria,2020-07-27,10621,347,5585,4689,194,7,230,241.7142857142857,229.28571428571428,5.571428571428571,197.14285714285717,194.0,7.0,230.0,68.69565217391305,3.267112324639864,52.584502400903865,44.14838527445627,1.3255166885304603,79.0,115.0,2.0,270.0,8.0,196.0,8.0,159.0,8.0,Peak,209,31,7,187,1.0,77,2,High,2,High,0.000873619,0.004880892,0.99424547,0.99424547
Burkina Faso,2020-07-27,1100,53,926,121,14,0,6,5.0,4.571428571428571,0.0,3.571428571428572,14.0,0.0,6.0,0.0,4.818181818181818,84.18181818181819,11.0,999.0,14.0,0.0,0.0,5.0,0.0,13.0,0.0,0.0,0.0,Growing,209,31,7,187,1.0,21,0,Low,0,Low,0.9152918,0.072433166,0.012275045,0.9152918
Burundi,2020-07-27,378,1,301,76,17,0,22,8.0,7.785714285714286,0.0,13.428571428571429,17.0,0.0,22.0,0.0,0.2645502645502645,79.62962962962963,20.105820105820104,999.0,17.0,0.0,0.0,0.0,0.0,12.0,0.0,78.0,0.0,Growing,209,31,7,187,1.0,19,0,Low,0,Low,0.9876605,0.0099602835,0.0023791974,0.9876605
Cabo Verde,2020-07-27,2328,22,1550,756,21,0,103,36.71428571428572,45.0,0.1428571428571428,69.57142857142857,21.0,0.0,103.0,-57.14285714285714,0.9450171821305842,66.5807560137457,32.47422680412371,999.0,-28.0,49.0,0.0,30.0,1.0,26.0,0.0,75.0,0.0,Growing,209,31,7,187,1.0,19,0,Low,0,Low,0.9903356,0.0081704315,0.00149397,0.9903356
Cambodia,2020-07-27,226,0,147,79,1,0,4,7.857142857142857,4.357142857142857,0.0,1.5714285714285714,1.0,0.0,4.0,0.0,0.0,65.04424778761062,34.95575221238938,999.0,1.0,0.0,0.0,0.0,0.0,0.0,0.0,9.0,0.0,Low,209,31,7,187,1.0,19,0,Low,0,Low,0.9803319,0.017225841,0.0024422738,0.9803319
Cameroon,2020-07-27,17110,391,14539,2180,402,6,0,136.14285714285714,138.35714285714286,2.571428571428572,115.85714285714286,402.0,6.0,0.0,0.0,2.2852133255406195,84.97369959088252,12.741087083576854,999.0,402.0,0.0,0.0,186.0,3.0,0.0,0.0,0.0,0.0,Growing,209,31,7,187,1.0,21,0,Low,0,Low,0.9783344,0.017596656,0.004068916,0.9783344
Canada,2020-07-27,116458,8944,0,107514,682,11,0,504.7142857142857,463.3571428571428,6.142857142857143,0.0,682.0,11.0,0.0,113.79310344827584,7.68002198217383,0.0,92.31997801782616,0.912229546586344,363.0,319.0,5.0,717.0,4.0,770.0,6.0,636.0,7.0,Growing,209,31,7,187,1.0,100,2,High,2,High,0.0005388579,0.0019838451,0.99747735,0.99747735
Central African Republic,2020-07-27,4599,59,1546,2994,0,0,0,7.285714285714286,19.857142857142858,0.5714285714285714,20.857142857142858,0.0,0.0,0.0,-100.0,1.2828875842574472,33.616003479017174,65.10110893672537,999.0,-1.0,1.0,0.0,3.0,1.0,63.0,0.0,33.0,0.0,Low,209,31,7,187,1.0,27,1,Medium,1,Medium,0.0072317077,0.9879936,0.004774746,0.9879936
Chad,2020-07-27,922,75,810,37,7,0,0,4.714285714285714,3.0,0.0,1.2857142857142858,7.0,0.0,0.0,0.0,8.134490238611713,87.85249457700651,4.0130151843817785,999.0,7.0,0.0,0.0,0.0,0.0,0.0,0.0,0.0,0.0,Low,209,31,7,187,1.0,36,1,Medium,1,Medium,0.0137696415,0.9698729,0.016357468,0.9698729
Chile,2020-07-27,347923,9187,319954,18782,2133,75,1859,2127.714285714286,2161.8571428571427,79.14285714285714,2280.285714285714,2133.0,75.0,1859.0,-2.9572338489535888,2.640526783225024,91.96115232393376,5.398320892841232,999.0,-65.0,2198.0,92.0,2545.0,76.0,2099.0,130.0,2616.0,45.0,Growing,209,31,7,187,1.0,21,0,Low,0,Low,0.982349,0.01543746,0.0022136043,0.982349
China,2020-07-27,86783,4656,78869,3258,213,4,7,165.85714285714286,119.0,1.4285714285714286,43.142857142857146,213.0,4.0,7.0,12.698412698412698,5.365106069161011,90.88070244172246,3.754191489116532,5.7982040826614245,24.0,189.0,0.0,157.0,1.0,119.0,0.0,0.0,0.0,Low,209,31,7,187,158.36313868613138,84,2,High,2,High,0.0022107114,0.0023945058,0.99539477,0.99539477
Colombia,2020-07-27,257101,8777,131161,117163,16306,508,11494,7585.142857142857,7344.571428571428,264.0,5051.0,16306.0,508.0,11494.0,0.0,3.41383347400438,51.01535972244371,45.57080680355191,999.0,16306.0,0.0,0.0,7168.0,287.0,6727.0,193.0,3832.0,148.0,Declining,209,31,7,187,1.0,29,1,Medium,1,Medium,0.006588572,0.95825696,0.035154454,0.95825696
Comoros,2020-07-27,354,7,328,19,0,0,0,2.857142857142857,2.642857142857143,0.0,2.142857142857143,0.0,0.0,0.0,-100.0,1.977401129943503,92.65536723163842,5.367231638418079,999.0,-14.0,14.0,0.0,0.0,0.0,0.0,0.0,0.0,0.0,Low,209,31,7,187,1.0,11,0,Low,0,Low,0.99338573,0.0057556224,0.00085869577,0.99338573
Congo,2020-07-27,3200,54,829,2317,162,3,73,49.85714285714285,83.71428571428571,0.5714285714285714,23.285714285714285,162.0,3.0,73.0,0.0,1.6875,25.90625,72.40625,999.0,162.0,0.0,0.0,187.0,1.0,218.0,1.0,0.0,0.0,Peak,209,31,7,187,1.0,27,1,Medium,1,Medium,0.0064549716,0.9857005,0.0078445,0.9857005
Costa Rica,2020-07-27,15841,115,3824,11902,612,11,88,615.2857142857143,557.5,7.0,115.0,612.0,11.0,88.0,-2.7027027027026973,0.7259642699324538,24.139890158449592,75.13414557161795,999.0,-17.0,629.0,6.0,540.0,7.0,420.0,4.0,440.0,4.0,Peak,209,31,7,187,1.0,27,1,Medium,1,Medium,0.010653363,0.9837376,0.005609047,0.9837376
Cote d'Ivoire,2020-07-27,15655,96,10361,5198,59,0,183,191.8571428571429,198.78571428571428,0.5714285714285714,243.14285714285717,59.0,0.0,183.0,-42.15686274509803,0.613222612583839,66.18332801022038,33.20344937719578,999.0,-43.0,102.0,2.0,252.0,1.0,193.0,0.0,106.0,0.0,Growing,209,31,7,187,1.0,19,0,Low,0,Low,0.98844075,0.010161629,0.0013976365,0.98844075
Croatia,2020-07-27,4881,139,3936,806,24,3,70,73.0,79.0,2.4285714285714284,119.28571428571428,24.0,3.0,70.0,-63.07692307692307,2.8477770948576118,80.63921327596803,16.51300962917435,999.0,-41.0,65.0,3.0,81.0,0.0,25.0,2.0,53.0,0.0,Growing,209,31,7,187,1.0,21,0,Low,0,Low,0.96572,0.032928575,0.00135147,0.96572
Cuba,2020-07-27,2532,87,2351,94,37,0,2,12.285714285714286,7.428571428571429,0.0,6.142857142857143,37.0,0.0,2.0,117.6470588235294,3.436018957345972,92.8515007898894,3.712480252764613,0.8912731242127271,20.0,17.0,0.0,3.0,0.0,0.0,0.0,2.0,0.0,Growing,209,31,7,187,1.0,69,2,High,2,High,0.012767799,0.0028616656,0.9843705,0.9843705
Cyprus,2020-07-27,1060,19,852,189,3,0,0,3.142857142857143,2.7142857142857144,0.0,0.7142857142857143,3.0,0.0,0.0,-25.0,1.7924528301886793,80.37735849056604,17.830188679245282,999.0,-1.0,4.0,0.0,2.0,0.0,0.0,0.0,1.0,0.0,Low,209,31,7,187,1.0,11,0,Low,0,Low,0.99628085,0.002920238,0.0007989203,0.99628085
Czech Republic,2020-07-27,15516,373,11428,3715,192,2,0,202.57142857142856,162.71428571428572,2.0,370.2857142857143,192.0,2.0,0.0,71.42857142857142,2.4039700953854086,73.65300335137923,23.94302655323537,1.2859956968509314,80.0,112.0,2.0,281.0,4.0,153.0,0.0,64.0,1.0,Peak,209,31,7,187,1.0,77,2,High,2,High,0.0027178684,0.0039364486,0.99334574,0.99334574
DR Congo,2020-07-27,8844,208,5700,2936,13,4,190,57.285714285714285,54.92857142857143,2.0,195.0,13.0,4.0,190.0,-56.66666666666666,2.3518769787426503,64.45047489823608,33.19764812302125,999.0,-17.0,30.0,0.0,47.0,0.0,40.0,0.0,42.0,1.0,Low,209,31,7,187,1.0,29,1,Medium,1,Medium,0.01684849,0.98126477,0.0018867054,0.98126477
Denmark,2020-07-27,13761,613,12605,543,109,0,77,44.0,38.285714285714285,0.2857142857142857,23.714285714285715,109.0,0.0,77.0,395.45454545454544,4.454618123682872,91.59944771455562,3.9459341617615,0.4331343055238076,87.0,22.0,0.0,48.0,1.0,89.0,0.0,91.0,1.0,Growing,209,31,7,187,1.0,69,2,High,2,High,0.0064615207,0.0035199865,0.9900185,0.9900185
Djibouti,2020-07-27,5059,58,4977,24,9,0,11,5.571428571428571,5.857142857142857,0.2857142857142857,15.571428571428571,9.0,0.0,11.0,-18.181818181818176,1.1464716347104171,98.37912630954732,0.4744020557422415,999.0,-2.0,11.0,0.0,8.0,0.0,9.0,0.0,5.0,0.0,Low,209,31,7,187,1.0,11,0,Low,0,Low,0.9970067,0.0022638787,0.0007293763,0.9970067
Dominica,2020-07-27,18,0,18,0,0,0,0,0.0,0.0,0.0,0.0,0.0,0.0,0.0,0.0,0.0,100.0,0.0,999.0,0.0,0.0,0.0,0.0,0.0,0.0,0.0,0.0,0.0,Low,209,31,7,187,1.0,11,0,Low,0,Low,0.9930601,0.005939094,0.0010008672,0.9930601
Dominican Republic,2020-07-27,64156,1083,30204,32869,1248,20,1601,1457.142857142857,1332.142857142857,12.857142857142858,663.2857142857143,1248.0,20.0,1601.0,-37.97216699801192,1.688072822495168,47.07899494980984,51.232932227695,999.0,-764.0,2012.0,8.0,1462.0,30.0,1101.0,12.0,974.0,6.0,Peak,209,31,7,187,1.0,27,1,Medium,1,Medium,0.020772653,0.96703476,0.01219258,0.96703476
East Timor,2020-07-27,24,0,0,24,0,0,0,0.0,0.0,0.0,0.0,0.0,0.0,0.0,0.0,0.0,0.0,100.0,999.0,0.0,0.0,0.0,0.0,0.0,0.0,0.0,0.0,0.0,Low,209,31,7,187,1.0,27,1,Medium,1,Medium,0.024109134,0.97023433,0.005656574,0.97023433
Ecuador,2020-07-27,81161,5532,34896,40733,467,17,0,934.4285714285714,907.2857142857144,30.571428571428573,420.1428571428572,467.0,17.0,0.0,-29.027355623100306,6.8160816155542685,42.9960202560343,50.18789812841143,999.0,-191.0,658.0,8.0,901.0,29.0,607.0,5.0,589.0,16.0,Low,209,31,7,187,1.0,52,2,High,2,High,0.0032338363,0.035474043,0.9612921,0.9612921
Egypt,2020-07-27,92482,4652,34838,52992,420,46,1007,582.8571428571429,677.2142857142857,42.85714285714285,844.8571428571429,420.0,46.0,1007.0,-12.317327766179542,5.030168032698255,37.67003308751973,57.29979887978202,999.0,-59.0,479.0,48.0,659.0,38.0,627.0,50.0,931.0,77.0,Growing,209,31,7,187,1.0,52,2,High,2,High,0.008074219,0.10146836,0.89045745,0.89045745
El Salvador,2020-07-27,15035,408,7778,6849,405,8,130,404.0,361.2142857142857,9.142857142857142,135.28571428571428,405.0,8.0,130.0,-0.9779951100244544,2.7136681077485867,51.73262387761889,45.55370801463253,999.0,-4.0,409.0,10.0,415.0,7.0,361.0,9.0,304.0,7.0,Declining,209,31,7,187,1.0,29,1,Medium,1,Medium,0.004610624,0.9879238,0.007465572,0.9879238
Equatorial Guinea,2020-07-27,3071,51,842,2178,0,0,0,0.0,0.0,0.0,0.0,0.0,0.0,0.0,0.0,1.660696841419733,27.417779225008143,70.92152393357213,999.0,0.0,0.0,0.0,0.0,0.0,0.0,0.0,0.0,0.0,Low,209,31,7,187,1.0,27,1,Medium,1,Medium,0.0070995023,0.98828506,0.0046153967,0.98828506
Eritrea,2020-07-27,265,0,191,74,2,0,2,2.0,2.357142857142857,0.0,5.142857142857143,2.0,0.0,2.0,0.0,0.0,72.0754716981132,27.92452830188679,999.0,2.0,0.0,0.0,0.0,0.0,0.0,0.0,0.0,0.0,Low,209,31,7,187,1.0,19,0,Low,0,Low,0.9790242,0.018131435,0.002844412,0.9790242
Estonia,2020-07-27,2034,69,1923,42,0,0,1,1.8571428571428568,1.4285714285714286,0.0,1.5714285714285714,0.0,0.0,1.0,-100.0,3.392330383480826,94.54277286135692,2.0648967551622417,999.0,-1.0,1.0,0.0,1.0,0.0,0.0,0.0,0.0,0.0,Low,209,31,7,187,1.0,21,0,Low,0,Low,0.98338634,0.015006717,0.00160691,0.98338634
Eswatini,2020-07-27,2316,34,1025,1257,109,2,39,70.0,66.21428571428571,1.5714285714285714,25.0,109.0,2.0,39.0,67.6923076923077,1.468048359240069,44.2573402417962,54.274611398963735,1.3408123636946938,44.0,65.0,4.0,52.0,0.0,33.0,2.0,38.0,0.0,Declining,209,31,7,187,1.0,75,2,High,2,High,0.0021887075,0.0043526734,0.9934587,0.9934587
Ethiopia,2020-07-27,14547,228,6386,7933,579,5,170,620.0,484.3571428571428,8.285714285714286,565.1428571428571,579.0,5.0,170.0,-19.58333333333333,1.5673334708187256,43.899085722142026,54.53358080703925,999.0,-141.0,720.0,14.0,760.0,3.0,704.0,3.0,206.0,1.0,Peak,209,31,7,187,1.0,27,1,Medium,1,Medium,0.012839941,0.9807364,0.0064236484,0.9807364
Fiji,2020-07-27,27,0,18,9,0,0,0,0.0,0.0714285714285714,0.0,0.0,0.0,0.0,0.0,0.0,0.0,66.66666666666666,33.33333333333333,999.0,0.0,0.0,0.0,0.0,0.0,0.0,0.0,0.0,0.0,Low,209,31,7,187,1.0,19,0,Low,0,Low,0.978724,0.019271698,0.0020042802,0.978724
Finland,2020-07-27,7398,329,6920,149,5,0,0,8.285714285714286,7.357142857142857,0.1428571428571428,5.714285714285714,5.0,0.0,0.0,0.0,4.447147877804812,93.53879426872128,2.014057853473912,999.0,0.0,5.0,0.0,8.0,1.0,5.0,0.0,1.0,0.0,Low,209,31,7,187,1.0,21,0,Low,0,Low,0.9656803,0.028711705,0.0056079836,0.9656803
France,2020-07-27,220352,30212,81212,108928,2551,17,267,904.1428571428572,765.1428571428571,4.571428571428571,220.57142857142856,2551.0,17.0,267.0,0.0,13.71079000871333,36.855576532094105,49.43363345919256,999.0,2551.0,0.0,0.0,1130.0,10.0,2080.0,25.0,1625.0,25.0,Low,209,31,7,187,1.0,44,2,High,2,High,0.0018655896,0.024240939,0.97389346,0.97389346
Gabon,2020-07-27,7189,49,4682,2458,205,0,219,108.0,83.07142857142857,0.4285714285714285,92.57142857142856,205.0,0.0,219.0,0.0,0.6815968841285297,65.12727778550563,34.19112533036584,999.0,205.0,0.0,0.0,396.0,2.0,118.0,0.0,84.0,0.0,Growing,209,31,7,187,1.0,19,0,Low,0,Low,0.97088057,0.024699226,0.0044201966,0.97088057
Gambia,2020-07-27,326,8,66,252,49,2,6,30.571428571428573,18.714285714285715,0.5714285714285714,1.2857142857142858,49.0,2.0,6.0,0.0,2.4539877300613497,20.245398773006134,77.30061349693251,999.0,49.0,0.0,0.0,46.0,1.0,19.0,0.0,0.0,0.0,Peak,209,31,7,187,1.0,37,1,Medium,1,Medium,0.0033428622,0.9875915,0.009065662,0.9875915
Georgia,2020-07-27,1137,16,922,199,6,0,2,14.0,10.142857142857142,0.0,3.142857142857143,6.0,0.0,2.0,-57.14285714285714,1.4072119613016711,81.09058927000879,17.502198768689535,999.0,-8.0,14.0,0.0,19.0,0.0,11.0,1.0,9.0,0.0,Growing,209,31,7,187,1.0,11,0,Low,0,Low,0.9958092,0.003248892,0.0009419077,0.9958092
Germany,2020-07-27,207112,9125,190314,7673,445,1,259,541.0,495.1428571428572,4.428571428571429,320.57142857142856,445.0,1.0,259.0,14.395886889460163,4.405828730348796,91.88941249179187,3.7047587778593214,5.153704578359498,56.0,389.0,0.0,742.0,10.0,590.0,2.0,261.0,3.0,Low,209,31,7,187,1.0,69,2,High,2,High,0.0062686894,0.003714814,0.9900165,0.9900165
Ghana,2020-07-27,33624,168,29801,3655,655,0,307,742.0,616.8571428571429,2.142857142857143,700.0,655.0,0.0,307.0,-41.41323792486583,0.4996431120628123,88.63014513442778,10.870211753509398,999.0,-463.0,1118.0,7.0,1385.0,8.0,763.0,5.0,470.0,0.0,Growing,209,31,7,187,1.0,11,0,Low,0,Low,0.99330395,0.0058728075,0.000823276,0.99330395
Greece,2020-07-27,4227,202,1374,2651,34,0,0,30.714285714285715,28.642857142857142,1.0,0.0,34.0,0.0,0.0,25.92592592592593,4.778802933522592,32.50532292405961,62.7158741424178,3.006837496567337,7.0,27.0,1.0,25.0,0.0,5.0,1.0,23.0,0.0,Growing,209,31,7,187,1.0,85,2,High,2,High,0.00056960987,0.005697492,0.99373287,0.99373287
Greenland,2020-07-27,14,0,13,1,1,0,0,0.1428571428571428,0.0714285714285714,0.0,0.0,1.0,0.0,0.0,0.0,0.0,92.85714285714286,7.142857142857142,999.0,1.0,0.0,0.0,0.0,0.0,0.0,0.0,0.0,0.0,Growing,209,31,7,187,1.0,11,0,Low,0,Low,0.9864312,0.011850904,0.0017178629,0.9864312
Grenada,2020-07-27,23,0,23,0,0,0,0,0.0,0.0,0.0,0.0,0.0,0.0,0.0,0.0,0.0,100.0,0.0,999.0,0.0,0.0,0.0,0.0,0.0,0.0,0.0,0.0,0.0,Low,209,31,7,187,1.0,11,0,Low,0,Low,0.9930601,0.005939094,0.0010008672,0.9930601
Guatemala,2020-07-27,45309,1761,32455,11093,256,27,843,895.7142857142857,1111.928571428571,37.0,988.0,256.0,27.0,843.0,-54.36720142602496,3.886645037409786,71.63036041404578,24.48299454854444,999.0,-305.0,561.0,35.0,1091.0,37.0,362.0,17.0,387.0,25.0,Low,209,31,7,187,1.0,29,1,Medium,1,Medium,0.00456325,0.99352586,0.0019109488,0.99352586
Guinea,2020-07-27,7055,45,6257,753,47,2,105,66.42857142857143,65.28571428571429,0.7142857142857143,95.14285714285714,47.0,2.0,105.0,-41.9753086419753,0.6378454996456413,88.6888731396173,10.673281360737066,999.0,-34.0,81.0,1.0,61.0,0.0,46.0,1.0,0.0,0.0,Growing,209,31,7,187,1.0,11,0,Low,0,Low,0.9953607,0.0039437,0.00069566106,0.9953607
Guinea-Bissau,2020-07-27,1954,26,803,1125,0,0,0,0.7142857142857143,8.0,0.0,0.0,0.0,0.0,0.0,0.0,1.3306038894575232,41.09518935516888,57.5742067553736,999.0,0.0,0.0,0.0,0.0,0.0,0.0,0.0,0.0,0.0,Low,209,31,7,187,1.0,27,1,Medium,1,Medium,0.010032402,0.983797,0.0061705452,0.983797
Guyana,2020-07-27,389,20,181,188,19,0,0,7.428571428571429,6.357142857142857,0.1428571428571428,2.571428571428572,19.0,0.0,0.0,89.99999999999999,5.141388174807198,46.52956298200514,48.329048843187664,1.079914284999396,9.0,10.0,0.0,1.0,1.0,1.0,0.0,3.0,0.0,Declining,209,31,7,187,1.0,92,2,High,2,High,0.0006822948,0.0047542155,0.9945635,0.9945635
Haiti,2020-07-27,7340,158,4365,2817,25,1,0,41.0,43.785714285714285,1.7142857142857142,69.71428571428571,25.0,1.0,0.0,38.888888888888886,2.1525885558583107,59.46866485013624,38.37874659400545,2.11001095648216,7.0,18.0,0.0,63.0,2.0,0.0,0.0,0.0,2.0,Low,209,31,7,187,1.0,77,2,High,2,High,0.0014084554,0.0074136737,0.99117786,0.99117786
Honduras,2020-07-27,39741,1166,5039,33536,465,50,117,732.8571428571429,797.2857142857143,33.0,162.0,465.0,50.0,117.0,-44.51073985680191,2.933997634684583,12.679600412672052,84.38640195264337,999.0,-373.0,838.0,18.0,657.0,50.0,776.0,35.0,489.0,15.0,Growing,209,31,7,187,1.0,37,1,Medium,1,Medium,0.0027699776,0.9910556,0.0061743404,0.9910556
Hungary,2020-07-27,4448,596,3329,523,13,0,0,15.571428571428571,14.357142857142858,0.0,13.857142857142858,13.0,0.0,0.0,18.181818181818187,13.399280575539567,74.84262589928058,11.758093525179856,4.149238146182111,2.0,11.0,0.0,18.0,0.0,6.0,0.0,13.0,0.0,Low,209,31,7,187,1.0,84,2,High,2,High,0.0012861558,0.004133269,0.99458057,0.99458057
Iceland,2020-07-27,1854,10,1823,21,7,0,0,2.142857142857143,1.5,0.0,0.4285714285714285,7.0,0.0,0.0,75.0,0.5393743257820928,98.3279395900755,1.132686084142395,1.2386126258466668,3.0,4.0,0.0,2.0,0.0,0.0,0.0,0.0,0.0,Low,209,31,7,187,1.0,59,2,High,2,High,0.012971471,0.0026877192,0.98434085,0.98434085
India,2020-07-27,1480073,33408,951166,495499,44457,637,33598,46390.71428571428,40951.5,760.8571428571429,32369.714285714286,44457.0,637.0,33598.0,-11.05219983593766,2.257185963124792,64.26480315497952,33.47801088189569,999.0,-5524.0,49981.0,711.0,48916.0,757.0,37132.0,585.0,28498.0,553.0,Peak,209,31,7,187,1.0,29,1,Medium,1,Medium,0.0270085,0.96664476,0.006346712,0.96664476
Indonesia,2020-07-27,100303,4838,58173,37292,1525,57,1518,1727.0,1665.857142857143,85.57142857142857,1599.428571428571,1525.0,57.0,1518.0,2.2117962466488006,4.82338514301666,57.99726827712033,37.179346579863015,31.683964285901503,33.0,1492.0,67.0,1761.0,89.0,1693.0,96.0,1282.0,50.0,Peak,209,31,7,187,1.0,37,1,Medium,1,Medium,0.010326692,0.9651568,0.02451648,0.9651568
Iran,2020-07-27,293606,15912,255144,22550,2434,212,1931,2486.285714285714,2425.285714285714,215.28571428571428,2151.0,2434.0,212.0,1931.0,4.32918988426918,5.419507775726654,86.90013146870295,7.6803607555703906,16.35513922751487,101.0,2333.0,216.0,2489.0,215.0,2414.0,217.0,2349.0,203.0,Peak,209,31,7,187,1.0,49,2,High,2,High,0.0022407318,0.0052831094,0.99247617,0.99247617
Iraq,2020-07-27,112585,4458,77144,30983,2553,96,1927,2556.0,2346.428571428572,84.14285714285714,2044.0,2553.0,96.0,1927.0,3.8226921512810152,3.959674912288493,68.52067326908558,27.519651818625928,18.47684201303211,94.0,2459.0,78.0,2485.0,90.0,2163.0,88.0,2229.0,100.0,Peak,209,31,7,187,1.0,42,2,High,2,High,0.0015633123,0.0066368384,0.9917998,0.9917998
Ireland,2020-07-27,25892,1764,23364,764,11,0,0,18.0,18.142857142857142,1.5714285714285714,0.0,11.0,0.0,0.0,-8.333333333333337,6.812915186157886,90.23636644523404,2.950718368608064,999.0,-1.0,12.0,0.0,19.0,0.0,6.0,0.0,10.0,0.0,Low,209,31,7,187,1.0,36,1,Medium,1,Medium,0.023363959,0.94387186,0.03276417,0.94387186
Israel,2020-07-27,63985,474,27133,36378,2029,4,108,1711.7142857142858,1668.071428571429,8.428571428571429,711.2857142857143,2029.0,4.0,108.0,58.76369327073552,0.7407986246776588,42.40525123075721,56.85395014456513,1.4995178402134626,751.0,1278.0,13.0,1493.0,6.0,1714.0,6.0,1962.0,3.0,Declining,209,31,7,187,1.0,75,2,High,2,High,0.0019155398,0.004565114,0.99351937,0.99351937
Italy,2020-07-27,246286,35112,198593,12581,168,5,147,237.42857142857144,218.28571428571428,7.714285714285714,204.42857142857144,168.0,5.0,147.0,-33.85826771653543,14.256595990027854,80.63511527248808,5.108288737484063,999.0,-86.0,254.0,5.0,252.0,5.0,190.0,13.0,169.0,13.0,Low,209,31,7,187,1.0,36,1,Medium,1,Medium,0.012968107,0.9664709,0.020560972,0.9664709
Jamaica,2020-07-27,853,10,714,129,11,0,0,6.285714285714286,6.714285714285714,0.0,1.1428571428571428,11.0,0.0,0.0,120.0,1.172332942555686,83.70457209847598,15.123094958968348,0.8791181557867741,6.0,5.0,0.0,10.0,0.0,19.0,0.0,1.0,0.0,Growing,209,31,7,187,1.0,59,2,High,2,High,0.010725269,0.0032925943,0.9859822,0.9859822
Japan,2020-07-27,31142,998,21970,8174,594,0,364,776.5714285714286,644.0714285714286,1.4285714285714286,338.1428571428572,594.0,0.0,364.0,-31.25,3.204675358037377,70.5478132425663,26.247511399396316,999.0,-270.0,864.0,2.0,769.0,2.0,260.0,2.0,284.0,1.0,Peak,209,31,7,187,15571.0,29,1,Medium,1,Medium,0.0079590045,0.9900169,0.0020241085,0.9900169
Jordan,2020-07-27,1176,11,1041,124,8,0,0,-6.714285714285714,-0.5,0.0,1.8571428571428568,8.0,0.0,0.0,-42.85714285714286,0.935374149659864,88.5204081632653,10.54421768707483,999.0,-6.0,14.0,0.0,15.0,0.0,5.0,0.0,4.0,0.0,Growing,209,31,7,187,1.0,11,0,Low,0,Low,0.9972434,0.0021400778,0.00061652524,0.9972434
Kazakhstan,2020-07-27,84648,585,54404,29659,1526,0,1833,1597.142857142857,1635.2142857142858,0.0,1571.857142857143,1526.0,0.0,1833.0,8.84450784593438,0.6910972497873547,64.27086286740384,35.03803988280881,8.178713873528702,124.0,1402.0,0.0,1740.0,0.0,1630.0,210.0,3502.0,0.0,Low,209,31,7,187,1.0,49,2,High,2,High,0.008562415,0.0029572775,0.9884803,0.9884803
Kenya,2020-07-27,17975,285,7833,9857,372,5,90,600.5714285714286,548.6428571428571,6.714285714285714,316.7142857142857,372.0,5.0,90.0,-61.25000000000001,1.5855354659248957,43.57719054242003,54.83727399165508,999.0,-588.0,960.0,2.0,667.0,11.0,418.0,4.0,189.0,12.0,Growing,209,31,7,187,1.0,27,1,Medium,1,Medium,0.013015505,0.9805548,0.0064297398,0.9805548
Kosovo,2020-07-27,7413,185,4027,3201,496,16,274,219.42857142857144,163.92857142857142,6.571428571428571,136.85714285714286,496.0,16.0,274.0,0.0,2.495615810063402,54.32348576824497,43.18089842169162,999.0,496.0,0.0,0.0,213.0,6.0,142.0,4.0,187.0,6.0,Peak,209,31,7,187,1.0,29,1,Medium,1,Medium,0.007115735,0.97940516,0.0134791555,0.97940516
Kuwait,2020-07-27,64379,438,55057,8884,606,5,684,659.4285714285714,633.6428571428571,4.285714285714286,674.0,606.0,5.0,684.0,30.60344827586208,0.680346075583653,85.52012302148216,13.799530902934189,2.596101253804136,142.0,464.0,4.0,753.0,4.0,559.0,0.0,614.0,3.0,Peak,209,31,7,187,1.0,59,2,High,2,High,0.009374953,0.0028349282,0.9877901,0.9877901
Kyrgyzstan,2020-07-27,33296,1301,21205,10790,483,24,817,879.0,1560.857142857143,37.71428571428572,1156.571428571429,483.0,24.0,817.0,-29.898403483309146,3.9073762614127823,63.68632868813072,32.406295050456514,999.0,-206.0,689.0,28.0,0.0,0.0,0.0,0.0,327.0,2.0,Low,209,31,7,187,1.0,29,1,Medium,1,Medium,0.003942593,0.99426454,0.0017928064,0.99426454
Laos,2020-07-27,20,0,19,1,0,0,0,0.1428571428571428,0.0714285714285714,0.0,0.0,0.0,0.0,0.0,0.0,0.0,95.0,5.0,999.0,0.0,0.0,0.0,1.0,0.0,0.0,0.0,0.0,0.0,Low,209,31,7,187,1.0,11,0,Low,0,Low,0.99390924,0.0051309206,0.00095986656,0.99390924
Latvia,2020-07-27,1219,31,1045,143,0,0,0,3.857142857142857,3.2142857142857144,0.0,3.2857142857142856,0.0,0.0,0.0,-100.0,2.543068088597211,85.72600492206726,11.73092698933552,999.0,-13.0,13.0,0.0,2.0,0.0,0.0,0.0,1.0,1.0,Low,209,31,7,187,1.0,21,0,Low,0,Low,0.98567456,0.013338541,0.0009869533,0.98567456
Lebanon,2020-07-27,3882,51,1709,2122,132,0,17,139.57142857142858,104.5,1.4285714285714286,21.0,132.0,0.0,17.0,-21.42857142857143,1.313755795981453,44.0236991241628,54.66254507985574,999.0,-36.0,168.0,4.0,147.0,3.0,46.0,1.0,85.0,0.0,Peak,209,31,7,187,1.0,27,1,Medium,1,Medium,0.0134277325,0.9800929,0.0064793555,0.9800929
Lesotho,2020-07-27,505,12,128,365,0,0,0,20.857142857142858,18.571428571428573,0.8571428571428571,8.428571428571429,0.0,0.0,0.0,-100.0,2.376237623762376,25.346534653465348,72.27722772277228,999.0,-86.0,86.0,3.0,0.0,0.0,0.0,0.0,12.0,1.0,Low,209,31,7,187,1.0,37,1,Medium,1,Medium,0.0027742605,0.99362224,0.0036035136,0.99362224
Liberia,2020-07-27,1167,72,646,449,5,0,5,8.571428571428571,10.214285714285714,0.2857142857142857,14.142857142857142,5.0,0.0,5.0,-28.57142857142857,6.169665809768637,55.35561268209083,38.47472150814053,999.0,-2.0,7.0,1.0,18.0,0.0,16.0,0.0,14.0,0.0,Growing,209,31,7,187,1.0,44,2,High,2,High,0.0108972285,0.08265339,0.9064494,0.9064494
Libya,2020-07-27,2827,64,577,2186,158,4,24,121.0,93.92857142857144,2.142857142857143,19.428571428571427,158.0,4.0,24.0,29.508196721311485,2.2638839759462326,20.41032897064025,77.3257870534135,2.680653166754769,36.0,122.0,2.0,110.0,1.0,114.0,1.0,79.0,1.0,Declining,209,31,7,187,1.0,85,2,High,2,High,0.00085111975,0.0055138017,0.99363506,0.99363506
Liechtenstein,2020-07-27,86,1,81,4,0,0,0,0.0,0.1428571428571428,0.0,-0.2857142857142857,0.0,0.0,0.0,0.0,1.162790697674419,94.18604651162792,4.651162790697675,999.0,0.0,0.0,0.0,0.0,0.0,0.0,0.0,0.0,0.0,Low,209,31,7,187,1.0,11,0,Low,0,Low,0.9940117,0.0050473073,0.0009409408,0.9940117
Lithuania,2020-07-27,2019,80,1620,319,11,0,4,10.285714285714286,10.357142857142858,0.0,2.7142857142857144,11.0,0.0,4.0,57.14285714285714,3.96235760277365,80.23774145616642,15.79990094105993,1.5335619341179534,4.0,7.0,0.0,26.0,0.0,15.0,0.0,5.0,0.0,Growing,209,31,7,187,1.0,69,2,High,2,High,0.0062535186,0.0031593172,0.9905872,0.9905872
Luxembourg,2020-07-27,6321,112,4825,1384,49,0,178,97.42857142857144,97.5,0.1428571428571428,51.57142857142857,49.0,0.0,178.0,-40.963855421686745,1.7718715393133997,76.3328587248853,21.8952697358013,999.0,-34.0,83.0,0.0,104.0,0.0,34.0,0.0,31.0,0.0,Growing,209,31,7,187,1.0,19,0,Low,0,Low,0.9949043,0.00441171,0.0006840296,0.9949043
Madagascar,2020-07-27,9690,91,6260,3339,395,6,681,362.4285714285714,329.2857142857143,4.142857142857143,353.1428571428572,395.0,6.0,681.0,-7.9254079254079235,0.9391124871001032,64.60268317853458,34.45820433436533,999.0,-34.0,429.0,7.0,360.0,6.0,104.0,3.0,213.0,2.0,Peak,209,31,7,187,1.0,19,0,Low,0,Low,0.98630595,0.012113572,0.001580527,0.98630595
Malawi,2020-07-27,3664,99,1645,1920,24,0,6,96.0,88.14285714285714,5.285714285714286,70.28571428571429,24.0,0.0,6.0,-87.16577540106951,2.701965065502184,44.896288209606986,52.40174672489083,999.0,-163.0,187.0,12.0,151.0,11.0,85.0,3.0,66.0,1.0,Low,209,31,7,187,1.0,37,1,Medium,1,Medium,0.0029081015,0.9927759,0.0043159947,0.9927759
Malaysia,2020-07-27,8904,124,8601,179,7,0,1,14.857142857142858,12.785714285714286,0.1428571428571428,6.571428571428571,7.0,0.0,1.0,-46.15384615384615,1.3926325247079965,96.59703504043128,2.0103324348607368,999.0,-6.0,13.0,1.0,21.0,0.0,21.0,0.0,7.0,0.0,Low,209,31,7,187,1.0,11,0,Low,0,Low,0.99710375,0.0020854995,0.0008107822,0.99710375
Maldives,2020-07-27,3369,15,2547,807,67,0,19,52.85714285714285,43.35714285714285,0.0,25.428571428571427,67.0,0.0,19.0,34.00000000000001,0.4452359750667853,75.60106856634016,23.953695458593057,2.3683605932797684,17.0,50.0,0.0,55.0,0.0,33.0,0.0,31.0,0.0,Growing,209,31,7,187,1.0,67,2,High,2,High,0.0095167,0.0023516014,0.98813176,0.98813176
Mali,2020-07-27,2513,124,1913,476,3,1,2,5.428571428571429,7.214285714285714,0.4285714285714285,8.857142857142858,3.0,1.0,2.0,-57.14285714285714,4.934341424592121,76.1241543971349,18.94150417827298,999.0,-4.0,7.0,0.0,9.0,0.0,0.0,0.0,1.0,0.0,Low,209,31,7,187,1.0,21,0,Low,0,Low,0.9064501,0.08345868,0.010091252,0.9064501
Malta,2020-07-27,701,9,665,27,1,0,0,3.4285714285714284,1.9285714285714288,0.0,0.1428571428571428,1.0,0.0,0.0,-92.85714285714286,1.2838801711840229,94.8644793152639,3.851640513552068,999.0,-13.0,14.0,0.0,6.0,0.0,0.0,0.0,0.0,0.0,Low,209,31,7,187,1.0,11,0,Low,0,Low,0.9936608,0.0054563177,0.0008828278,0.9936608
Mauritania,2020-07-27,6208,156,4653,1399,37,0,223,40.71428571428572,54.42857142857143,0.1428571428571428,145.85714285714286,37.0,0.0,223.0,85.00000000000001,2.5128865979381443,74.95167525773195,22.5354381443299,1.126728480828982,17.0,20.0,0.0,49.0,0.0,50.0,0.0,91.0,0.0,Growing,209,31,7,187,1.0,77,2,High,2,High,0.0027435215,0.0070049623,0.99025154,0.99025154
Mauritius,2020-07-27,344,10,332,2,0,0,0,0.1428571428571428,0.1428571428571428,0.0,0.0,0.0,0.0,0.0,0.0,2.9069767441860463,96.51162790697676,0.5813953488372093,999.0,0.0,0.0,0.0,1.0,0.0,0.0,0.0,0.0,0.0,Low,209,31,7,187,1.0,21,0,Low,0,Low,0.9834878,0.015337283,0.0011749458,0.9834878
Mexico,2020-07-27,395489,44022,303810,47657,4973,342,8588,6584.714285714285,6503.857142857143,648.1428571428571,5817.0,4973.0,342.0,8588.0,-9.251824817518251,11.131030193001576,76.8188242909411,12.050145516057336,999.0,-507.0,5480.0,1035.0,7573.0,737.0,5172.0,301.0,4685.0,485.0,Peak,209,31,7,187,1.0,36,1,Medium,1,Medium,0.015958557,0.95464814,0.029393246,0.95464814
Moldova,2020-07-27,23154,748,16154,6252,120,13,245,291.2857142857143,265.35714285714283,7.571428571428571,241.0,120.0,13.0,245.0,-41.74757281553399,3.2305433186490458,69.76764273991535,27.001813941435604,999.0,-86.0,206.0,3.0,378.0,7.0,135.0,11.0,57.0,7.0,Growing,209,31,7,187,1.0,29,1,Medium,1,Medium,0.007552737,0.9905538,0.0018934803,0.9905538
Monaco,2020-07-27,116,4,104,8,0,0,0,1.0,0.5,0.0,0.5714285714285714,0.0,0.0,0.0,0.0,3.4482758620689653,89.65517241379311,6.896551724137931,999.0,0.0,0.0,0.0,2.0,0.0,0.0,0.0,0.0,0.0,Low,209,31,7,187,1.0,21,0,Low,0,Low,0.95580333,0.042385735,0.0018109388,0.95580333
Mongolia,2020-07-27,289,0,222,67,1,0,4,0.2857142857142857,3.2857142857142856,0.0,1.2857142857142858,1.0,0.0,4.0,0.0,0.0,76.8166089965398,23.18339100346021,999.0,1.0,0.0,0.0,0.0,0.0,0.0,0.0,13.0,0.0,Low,209,31,7,187,1.0,19,0,Low,0,Low,0.9865101,0.011752651,0.0017372448,0.9865101
Montenegro,2020-07-27,2893,45,809,2039,94,2,70,100.71428571428572,114.71428571428572,1.8571428571428568,60.57142857142857,94.0,2.0,70.0,80.76923076923077,1.555478741790529,27.964051157967507,70.48047010024196,1.1707557389417107,42.0,52.0,0.0,96.0,3.0,0.0,0.0,66.0,1.0,Growing,209,31,7,187,1.0,75,2,High,2,High,0.0018435193,0.0066821864,0.9914743,0.9914743
Morocco,2020-07-27,20887,316,16553,4018,609,3,115,475.0,353.6428571428572,5.714285714285714,203.0,609.0,3.0,115.0,-3.791469194312791,1.5129027624838416,79.25025135251592,19.23684588500024,999.0,-24.0,633.0,8.0,570.0,7.0,326.0,3.0,191.0,5.0,Peak,209,31,7,187,1.0,11,0,Low,0,Low,0.99539316,0.0038475222,0.00075933745,0.99539316
Mozambique,2020-07-27,1701,11,0,1690,32,0,0,27.714285714285715,34.42857142857143,0.0,0.0,32.0,0.0,0.0,-39.62264150943396,0.6466784244562023,0.0,99.3533215755438,999.0,-21.0,53.0,0.0,8.0,0.0,16.0,1.0,62.0,0.0,Peak,209,31,7,187,1.0,27,1,Medium,1,Medium,0.011475221,0.98249006,0.0060347025,0.98249006
Myanmar,2020-07-27,350,6,292,52,0,0,2,1.2857142857142858,1.0,0.0,2.0,0.0,0.0,2.0,-100.0,1.7142857142857144,83.42857142857143,14.857142857142858,999.0,-2.0,2.0,0.0,3.0,0.0,0.0,0.0,5.0,0.0,Low,209,31,7,187,1.0,11,0,Low,0,Low,0.9931833,0.0059844656,0.0008322565,0.9931833
Namibia,2020-07-27,1843,8,101,1734,68,0,26,71.28571428571429,70.14285714285714,0.5714285714285714,8.428571428571429,68.0,0.0,26.0,-22.72727272727273,0.4340748779164406,5.480195333695062,94.08572978838848,999.0,-20.0,88.0,1.0,96.0,0.0,97.0,1.0,76.0,0.0,Peak,209,31,7,187,1.0,27,1,Medium,1,Medium,0.012359992,0.9815724,0.0060675684,0.9815724
Nepal,2020-07-27,18752,48,13754,4950,139,3,626,129.71428571428572,129.07142857142858,1.1428571428571428,269.42857142857144,139.0,3.0,626.0,6.923076923076921,0.2559726962457337,73.34684300341297,26.397184300341294,10.354833244292225,9.0,130.0,0.0,133.0,1.0,186.0,0.0,144.0,0.0,Growing,209,31,7,187,1.0,49,2,High,2,High,0.009381806,0.0040884106,0.9865298,0.9865298
Netherlands,2020-07-27,53413,6160,189,47064,419,1,0,183.0,150.85714285714286,0.7142857142857143,0.2857142857142857,419.0,1.0,0.0,500.0,11.532772920450078,0.3538464418774455,88.11338063767248,0.3868528072345416,398.0,21.0,0.0,196.0,0.0,187.0,0.0,71.0,0.0,Growing,209,31,7,187,1.0,100,2,High,2,High,0.00048146377,0.002192007,0.9973265,0.9973265
New Zealand,2020-07-27,1557,22,1514,21,1,0,1,0.2857142857142857,0.8571428571428571,0.0,1.1428571428571428,1.0,0.0,1.0,0.0,1.4129736673089277,97.23827874116893,1.348747591522158,999.0,1.0,0.0,0.0,0.0,0.0,1.0,0.0,1.0,0.0,Low,209,31,7,187,1.0,11,0,Low,0,Low,0.9928974,0.0057187476,0.0013838907,0.9928974
Nicaragua,2020-07-27,3439,108,2492,839,0,0,0,41.71428571428572,42.35714285714285,1.2857142857142858,30.0,0.0,0.0,0.0,0.0,3.1404478045943587,72.46292526897355,24.396626926432106,999.0,0.0,0.0,0.0,0.0,0.0,0.0,0.0,0.0,0.0,Low,209,31,7,187,1.0,29,1,Medium,1,Medium,0.033777077,0.96243143,0.0037915467,0.96243143
Niger,2020-07-27,1132,69,1027,36,0,0,0,3.857142857142857,2.357142857142857,0.0,1.8571428571428568,0.0,0.0,0.0,-100.0,6.095406360424029,90.7243816254417,3.180212014134275,999.0,-12.0,12.0,0.0,0.0,0.0,1.0,0.0,0.0,0.0,Low,209,31,7,187,1.0,36,1,Medium,1,Medium,0.03366852,0.953919,0.012412454,0.953919
Nigeria,2020-07-27,41180,860,18203,22117,648,2,829,565.0,573.3571428571429,8.428571428571429,410.0,648.0,2.0,829.0,16.756756756756765,2.0883924235065567,44.20349684312773,53.70811073336571,4.474151985469258,93.0,555.0,2.0,591.0,12.0,562.0,12.0,595.0,4.0,Peak,209,31,7,187,1.0,85,2,High,2,High,0.0008725016,0.0044055358,0.994722,0.994722
North Macedonia,2020-07-27,10213,466,5564,4183,127,6,137,137.71428571428572,144.0,4.857142857142857,99.0,127.0,6.0,137.0,-16.447368421052634,4.562812102222658,54.47958484284735,40.95760305492999,999.0,-25.0,152.0,0.0,128.0,6.0,96.0,10.0,86.0,3.0,Peak,209,31,7,187,1.0,29,1,Medium,1,Medium,0.0033864353,0.9915495,0.0050640106,0.9915495
Norway,2020-07-27,9132,255,8752,125,15,0,0,14.0,10.571428571428571,0.0,87.71428571428571,15.0,0.0,0.0,150.0,2.7923784494086727,95.83880858519493,1.3688129653964085,0.75647079736603,9.0,6.0,0.0,7.0,0.0,6.0,0.0,3.0,1.0,Low,209,31,7,187,1.0,69,2,High,2,High,0.012361878,0.0021379716,0.98550016,0.98550016
Oman,2020-07-27,77058,393,57028,19637,1053,9,1729,1236.857142857143,1348.5,9.571428571428571,1696.857142857143,1053.0,9.0,1729.0,-8.195292066259807,0.5100054504399283,74.00659243686573,25.483402112694336,999.0,-94.0,1147.0,13.0,1145.0,4.0,1739.0,8.0,2164.0,2.0,Growing,209,31,7,187,1.0,19,0,Low,0,Low,0.98880017,0.009832633,0.0013671982,0.98880017
Pakistan,2020-07-27,274289,5842,241026,27421,1176,20,3592,1170.428571428571,1477.5,29.0,4713.714285714285,1176.0,20.0,3592.0,0.0,2.1298703192618005,87.87300985456945,9.997119826168747,999.0,1176.0,0.0,0.0,1487.0,24.0,1013.0,40.0,1979.0,54.0,Low,209,31,7,187,1.0,21,0,Low,0,Low,0.9691048,0.026292073,0.0046031685,0.9691048
Palestine,2020-07-27,10621,78,3752,6791,152,2,0,243.57142857142856,289.6428571428572,2.142857142857143,261.57142857142856,152.0,2.0,0.0,-6.748466257668717,0.7343941248470013,35.326240466999344,63.93936540815366,999.0,-11.0,163.0,1.0,349.0,3.0,367.0,1.0,336.0,3.0,Growing,209,31,7,187,1.0,27,1,Medium,1,Medium,0.01138884,0.9819462,0.0066650147,0.9819462
Panama,2020-07-27,61442,1322,35086,25034,1146,28,955,1002.2857142857144,1019.2142857142856,27.857142857142858,846.0,1146.0,28.0,955.0,-19.972067039106143,2.1516226685329256,57.10426092900621,40.74411640246085,999.0,-286.0,1432.0,19.0,1176.0,41.0,958.0,31.0,1540.0,23.0,Peak,209,31,7,187,1.0,29,1,Medium,1,Medium,0.0044016116,0.99313015,0.0024681883,0.99313015
Papua New Guinea,2020-07-27,62,0,11,51,0,0,0,6.142857142857143,3.642857142857143,-0.1428571428571428,0.4285714285714285,0.0,0.0,0.0,-100.0,0.0,17.741935483870968,82.25806451612904,999.0,-23.0,23.0,0.0,1.0,0.0,3.0,1.0,0.0,0.0,Low,209,31,7,187,1.0,27,1,Medium,1,Medium,0.025412943,0.96956944,0.0050176317,0.96956944
Paraguay,2020-07-27,4548,43,2905,1600,104,2,111,114.28571428571428,112.0,1.4285714285714286,104.85714285714286,104.0,2.0,111.0,-10.344827586206897,0.9454705364995604,63.87423043095867,35.180299032541775,999.0,-12.0,116.0,1.0,111.0,2.0,27.0,2.0,32.0,3.0,Growing,209,31,7,187,1.0,19,0,Low,0,Low,0.98201823,0.016151609,0.0018301761,0.98201823
Peru,2020-07-27,389717,18418,272547,98752,13756,575,4697,4576.571428571428,4256.714285714285,719.1428571428571,3923.714285714286,13756.0,575.0,4697.0,0.0,4.725993477318156,69.93459356404776,25.33941295863408,999.0,13756.0,0.0,0.0,4865.0,189.0,4091.0,197.0,3797.0,184.0,Declining,209,31,7,187,1.0,29,1,Medium,1,Medium,0.01642647,0.97029513,0.013278421,0.97029513
Philippines,2020-07-27,82040,1945,26446,53649,1592,13,336,1877.4285714285716,1788.142857142857,15.714285714285714,482.0,1592.0,13.0,336.0,-21.807465618860512,2.3707947342759628,32.23549488054607,65.39371038517797,999.0,-444.0,2036.0,35.0,2054.0,8.0,1442.0,4.0,747.0,65.0,Peak,209,31,7,187,1.0,37,1,Medium,1,Medium,0.0048713223,0.9813347,0.013793993,0.9813347
Poland,2020-07-27,43402,1676,32856,8870,337,5,103,431.2857142857143,372.2857142857143,7.0,331.0,337.0,5.0,103.0,-23.92776523702032,3.861573199391733,75.70158057232386,20.43684622828441,999.0,-106.0,443.0,7.0,458.0,4.0,279.0,3.0,299.0,5.0,Peak,209,31,7,187,1.0,29,1,Medium,1,Medium,0.010041183,0.9872479,0.00271088,0.9872479
Portugal,2020-07-27,50299,1719,35375,13205,135,2,158,218.28571428571428,248.64285714285717,4.0,261.1428571428572,135.0,2.0,158.0,-35.4066985645933,3.417562973418955,70.32943000854888,26.253007018032164,999.0,-74.0,209.0,1.0,313.0,7.0,135.0,2.0,306.0,2.0,Low,209,31,7,187,1.0,29,1,Medium,1,Medium,0.0087042125,0.98898125,0.0023145715,0.98898125
Qatar,2020-07-27,109597,165,106328,3104,292,0,304,365.7142857142857,398.6428571428572,0.8571428571428571,363.7142857142857,292.0,0.0,304.0,8.550185873605942,0.1505515661925053,97.0172541219194,2.8321943118880992,8.448643494817954,23.0,269.0,1.0,394.0,0.0,389.0,2.0,418.0,2.0,Growing,209,31,7,187,1.0,41,2,High,2,High,0.009549576,0.002785833,0.98766464,0.98766464
Romania,2020-07-27,45902,2206,25794,17902,1104,19,151,1109.0,925.2857142857144,24.0,435.2857142857143,1104.0,19.0,151.0,-1.4285714285714235,4.805890810857915,56.19362990719359,39.0004792819485,999.0,-16.0,1120.0,22.0,1119.0,24.0,681.0,12.0,413.0,17.0,Peak,209,31,7,187,1.0,29,1,Medium,1,Medium,0.0043336945,0.99192446,0.0037418453,0.99192446
Russia,2020-07-27,816680,13334,602249,201097,5607,85,3077,5781.142857142857,6009.5,132.28571428571428,7086.428571428572,5607.0,85.0,3077.0,-2.3340881379550598,1.632708037419797,73.74357153352598,24.62372042905422,999.0,-134.0,5741.0,77.0,5779.0,153.0,5901.0,85.0,6511.0,104.0,Growing,209,31,7,187,1.0,19,0,Low,0,Low,0.97973335,0.016697858,0.0035688397,0.97973335
Rwanda,2020-07-27,1879,5,975,899,58,0,57,35.714285714285715,35.785714285714285,0.0,19.571428571428573,58.0,0.0,57.0,-15.94202898550725,0.2660989888238425,51.88930282064928,47.84459819052688,999.0,-11.0,69.0,0.0,19.0,0.0,47.0,0.0,41.0,0.0,Peak,209,31,7,187,1.0,19,0,Low,0,Low,0.88493603,0.08385941,0.031204559,0.88493603
San Marino,2020-07-27,699,42,657,0,0,0,0,0.0,0.0,0.0,0.1428571428571428,0.0,0.0,0.0,0.0,6.008583690987124,93.99141630901288,0.0,999.0,0.0,0.0,0.0,0.0,0.0,0.0,0.0,0.0,0.0,Low,209,31,7,187,1.0,36,1,Medium,1,Medium,0.046087343,0.93644786,0.017464774,0.93644786
Saudi Arabia,2020-07-27,268934,2760,222936,43238,1993,27,2613,2226.428571428572,2415.928571428572,33.857142857142854,2811.0,1993.0,27.0,2613.0,1.2703252032520318,1.0262741044271086,82.89617526976879,16.0775506258041,54.91039049881049,25.0,1968.0,30.0,2378.0,37.0,2429.0,37.0,2852.0,20.0,Growing,209,31,7,187,1.0,19,0,Low,0,Low,0.9649779,0.025996739,0.009025387,0.9649779
Senegal,2020-07-27,9764,194,6477,3093,83,3,68,116.57142857142856,111.85714285714286,3.4285714285714284,67.85714285714286,83.0,3.0,68.0,-35.65891472868217,1.9868906185989348,66.33551823023352,31.677591151167555,999.0,-46.0,129.0,4.0,156.0,4.0,138.0,3.0,63.0,2.0,Growing,209,31,7,187,1.0,19,0,Low,0,Low,0.97057503,0.026596854,0.0028281352,0.97057503
Serbia,2020-07-27,24141,543,0,23598,411,9,0,412.57142857142856,393.0,8.714285714285714,0.0,411.0,9.0,0.0,-53.18906605922551,2.249285447993041,0.0,97.75071455200695,999.0,-467.0,878.0,16.0,409.0,10.0,359.0,10.0,279.0,12.0,Growing,209,31,7,187,1.0,37,1,Medium,1,Medium,0.004353884,0.9885217,0.0071244626,0.9885217
Seychelles,2020-07-27,114,0,39,75,0,0,0,0.8571428571428571,1.0,0.0,1.7142857142857142,0.0,0.0,0.0,0.0,0.0,34.21052631578947,65.78947368421053,999.0,0.0,0.0,0.0,0.0,0.0,0.0,0.0,0.0,0.0,Low,209,31,7,187,1.0,27,1,Medium,1,Medium,0.027704548,0.9660353,0.006260111,0.9660353
Sierra Leone,2020-07-27,1783,66,1317,400,0,0,4,10.285714285714286,10.071428571428571,0.0,8.0,0.0,0.0,4.0,-100.0,3.701626472237801,73.86427369601795,22.43409983174425,999.0,-15.0,15.0,0.0,13.0,0.0,0.0,1.0,7.0,0.0,Low,209,31,7,187,1.0,29,1,Medium,1,Medium,0.024040096,0.97204167,0.0039181607,0.97204167
Singapore,2020-07-27,50838,27,45692,5119,469,0,171,400.4285714285714,325.35714285714283,0.0,188.7142857142857,469.0,0.0,171.0,-2.494802494802495,0.0531098784373893,89.87765057634053,10.06923954522208,999.0,-12.0,481.0,0.0,277.0,0.0,123.0,0.0,322.0,0.0,Growing,209,31,7,187,1.0,11,0,Low,0,Low,0.99677616,0.0025318295,0.0006920191,0.99677616
Slovakia,2020-07-27,2181,28,1616,537,2,0,39,28.714285714285715,19.928571428571427,0.0,11.142857142857142,2.0,0.0,39.0,-94.73684210526316,1.2838147638697843,74.094452086199,24.621733149931224,999.0,-36.0,38.0,0.0,29.0,0.0,1.0,0.0,1.0,0.0,Low,209,31,7,187,1.0,19,0,Low,0,Low,0.9923395,0.0063477964,0.0013126498,0.9923395
Slovenia,2020-07-27,2087,116,1733,238,5,0,55,19.142857142857142,17.0,0.4285714285714285,18.571428571428573,5.0,0.0,55.0,-68.75,5.558217537134643,83.03785337805462,11.403929084810734,999.0,-11.0,16.0,0.0,19.0,0.0,7.0,1.0,8.0,0.0,Low,209,31,7,187,1.0,36,1,Medium,1,Medium,0.022875058,0.96668375,0.010441174,0.96668375
Somalia,2020-07-27,3196,93,1543,1560,18,0,22,9.428571428571429,8.857142857142858,0.0,11.571428571428571,18.0,0.0,22.0,0.0,2.909887359198999,48.27909887359199,48.81101376720901,999.0,18.0,0.0,0.0,0.0,0.0,11.0,0.0,13.0,0.0,Growing,209,31,7,187,1.0,29,1,Medium,1,Medium,0.0056515723,0.9810238,0.01332468,0.9810238
South Africa,2020-07-27,452529,7067,274925,170537,7096,298,9848,11271.57142857143,11766.642857142857,270.57142857142856,11437.142857142857,7096.0,298.0,9848.0,-36.82898602332414,1.561667871009372,60.75301251411511,37.68531961487551,999.0,-4137.0,11233.0,114.0,13944.0,250.0,9300.0,140.0,11554.0,93.0,Peak,209,31,7,187,1.0,19,0,Low,0,Low,0.964724,0.029174978,0.0061010383,0.964724
South Korea,2020-07-27,14203,300,13007,896,28,1,102,55.285714285714285,49.35714285714285,0.5714285714285714,52.0,28.0,1.0,102.0,12.00000000000001,2.112229810603393,91.5792438217278,6.308526367668803,6.1162553741996994,3.0,25.0,1.0,113.0,0.0,45.0,0.0,33.0,0.0,Low,209,31,7,187,14203.0,69,2,High,2,High,0.010104999,0.004430012,0.985465,0.985465
South Sudan,2020-07-27,2305,46,1175,1084,43,1,0,13.428571428571429,11.214285714285714,0.1428571428571428,0.0,43.0,1.0,0.0,500.0,1.9956616052060736,50.97613882863341,47.02819956616053,0.3868528072345416,39.0,4.0,0.0,19.0,0.0,11.0,2.0,127.0,3.0,Growing,209,31,7,187,1.0,67,2,High,2,High,0.0009569757,0.0025995823,0.99644345,0.99644345
Spain,2020-07-27,272421,28432,150376,93613,0,0,0,1083.571428571429,1176.2857142857142,1.4285714285714286,0.0,0.0,0.0,0.0,0.0,10.436787178668313,55.19985610507266,34.36335671625903,999.0,0.0,0.0,0.0,2255.0,3.0,4581.0,2.0,2045.0,3.0,Low,209,31,7,187,1.0,44,2,High,2,High,0.003767586,0.026966779,0.9692656,0.9692656
Sri Lanka,2020-07-27,2805,11,2121,673,23,0,15,10.714285714285714,11.357142857142858,0.0,11.428571428571429,23.0,0.0,15.0,91.66666666666669,0.392156862745098,75.61497326203208,23.992869875222816,1.0654171961373793,11.0,12.0,0.0,11.0,0.0,6.0,0.0,29.0,0.0,Low,209,31,7,187,1.0,67,2,High,2,High,0.008575465,0.0024658644,0.9889587,0.9889587
St. Kitts & Nevis,2020-07-27,17,0,15,2,0,0,0,0.0,0.0,0.0,0.0,0.0,0.0,0.0,0.0,0.0,88.23529411764706,11.76470588235294,999.0,0.0,0.0,0.0,0.0,0.0,0.0,0.0,0.0,0.0,Low,209,31,7,187,1.0,11,0,Low,0,Low,0.99228233,0.0067497264,0.0009679645,0.99228233
St. Lucia,2020-07-27,24,0,22,2,0,0,0,0.1428571428571428,0.1428571428571428,0.0,0.4285714285714285,0.0,0.0,0.0,0.0,0.0,91.66666666666666,8.333333333333332,999.0,0.0,0.0,0.0,0.0,0.0,0.0,0.0,0.0,0.0,Low,209,31,7,187,1.0,11,0,Low,0,Low,0.9938123,0.005225194,0.0009624962,0.9938123
St. Vincent & Grenadines,2020-07-27,52,0,39,13,0,0,0,0.2857142857142857,1.2142857142857142,0.0,1.4285714285714286,0.0,0.0,0.0,0.0,0.0,75.0,25.0,999.0,0.0,0.0,0.0,0.0,0.0,6.0,0.0,0.0,0.0,Low,209,31,7,187,1.0,19,0,Low,0,Low,0.98279506,0.015502685,0.0017022562,0.98279506
Sudan,2020-07-27,11424,720,5939,4765,39,3,49,61.71428571428572,79.14285714285714,3.857142857142857,33.142857142857146,39.0,3.0,49.0,0.0,6.302521008403361,51.98704481792718,41.71043417366947,999.0,39.0,0.0,0.0,65.0,7.0,0.0,0.0,66.0,7.0,Low,209,31,7,187,1.0,44,2,High,2,High,0.0041947407,0.037375536,0.9584297,0.9584297
Suriname,2020-07-27,1483,24,925,534,44,1,35,57.71428571428572,50.21428571428572,0.4285714285714285,38.42857142857143,44.0,1.0,35.0,-24.13793103448276,1.6183412002697235,62.37356709372893,36.00809170600135,999.0,-14.0,58.0,0.0,71.0,0.0,50.0,0.0,39.0,0.0,Peak,209,31,7,187,1.0,19,0,Low,0,Low,0.990337,0.008083882,0.001579167,0.990337
Sweden,2020-07-27,79395,5700,0,73695,398,3,0,192.42857142857144,254.92857142857144,8.714285714285714,0.0,398.0,3.0,0.0,0.0,7.179293406385792,0.0,92.8207065936142,999.0,398.0,0.0,0.0,234.0,21.0,767.0,20.0,928.0,10.0,Growing,209,31,7,187,1.0,52,2,High,2,High,0.0015897008,0.014521524,0.98388875,0.98388875
Switzerland,2020-07-27,34477,1978,30900,1599,65,1,200,120.42857142857144,109.35714285714286,1.0,85.71428571428571,65.0,1.0,200.0,-40.90909090909091,5.737158105403602,89.62496736955072,4.6378745250456825,999.0,-45.0,110.0,0.0,154.0,2.0,43.0,2.0,63.0,0.0,Low,209,31,7,187,1.0,36,1,Medium,1,Medium,0.016312543,0.97005254,0.013634893,0.97005254
Syria,2020-07-27,674,40,0,634,24,2,0,21.714285714285715,18.357142857142858,1.5714285714285714,0.0,24.0,2.0,0.0,4.347826086956519,5.934718100890208,0.0,94.0652818991098,16.286500477641212,1.0,23.0,2.0,24.0,0.0,26.0,4.0,23.0,3.0,Declining,209,31,7,187,1.0,65,2,High,2,High,0.00067504315,0.007968514,0.9913564,0.9913564
São Tomé & Príncipe,2020-07-27,865,14,734,117,2,0,38,17.0,9.5,0.0,28.285714285714285,2.0,0.0,38.0,100.0,1.6184971098265897,84.85549132947978,13.52601156069364,1.0,1.0,1.0,0.0,111.0,0.0,0.0,0.0,3.0,0.0,Low,209,31,7,187,1.0,59,2,High,2,High,0.013206938,0.005031405,0.9817616,0.9817616
Taiwan,2020-07-27,462,7,440,15,4,0,0,1.5714285714285714,0.7857142857142857,0.0,0.0,4.0,0.0,0.0,0.0,1.5151515151515151,95.23809523809524,3.2467532467532463,999.0,4.0,0.0,0.0,3.0,0.0,0.0,0.0,0.0,0.0,Growing,209,31,7,187,462.0,11,0,Low,0,Low,0.98638946,0.011195846,0.0024147178,0.98638946
Tajikistan,2020-07-27,7235,60,6028,1147,43,1,58,44.85714285714285,45.642857142857146,0.4285714285714285,57.0,43.0,1.0,58.0,2.3809523809523725,0.82930200414651,83.31720801658604,15.853489979267447,29.45739601151209,1.0,42.0,0.0,44.0,0.0,43.0,0.0,44.0,0.0,Growing,209,31,7,187,1.0,24,1,Medium,1,Medium,0.1221514,0.8233794,0.054469254,0.8233794
Tanzania,2020-07-27,509,21,183,305,0,0,0,0.0,0.0,0.0,0.0,0.0,0.0,0.0,0.0,4.12573673870334,35.952848722986246,59.921414538310415,999.0,0.0,0.0,0.0,0.0,0.0,0.0,0.0,0.0,0.0,Low,209,31,7,187,1.0,37,1,Medium,1,Medium,0.002526603,0.99274915,0.0047243196,0.99274915
Thailand,2020-07-27,3297,58,3111,128,6,0,2,6.714285714285714,5.5,0.0,2.142857142857143,6.0,0.0,2.0,-33.333333333333336,1.7591750075826509,94.35850773430391,3.882317258113437,999.0,-3.0,9.0,0.0,0.0,0.0,0.0,0.0,3.0,0.0,Low,209,31,7,187,1648.5,11,0,Low,0,Low,0.99757415,0.001778503,0.000647387,0.99757415
Togo,2020-07-27,874,18,607,249,6,0,8,13.0,10.928571428571429,0.4285714285714285,7.571428571428571,6.0,0.0,8.0,-60.0,2.059496567505721,69.45080091533181,28.489702517162478,999.0,-9.0,15.0,1.0,11.0,1.0,5.0,0.0,1.0,0.0,Growing,209,31,7,187,1.0,29,1,Medium,1,Medium,0.055293508,0.9401776,0.0045289146,0.9401776
Trinidad and Tobago,2020-07-27,148,8,128,12,1,0,0,1.5714285714285714,1.0714285714285714,0.0,0.5714285714285714,1.0,0.0,0.0,0.0,5.405405405405405,86.48648648648648,8.108108108108109,999.0,1.0,0.0,0.0,1.0,0.0,0.0,0.0,0.0,0.0,Low,209,31,7,187,1.0,36,1,Medium,1,Medium,0.020067547,0.96987814,0.010054357,0.96987814
Tunisia,2020-07-27,1455,50,1157,248,3,0,15,10.571428571428571,10.928571428571429,0.0,8.285714285714286,3.0,0.0,15.0,-66.66666666666667,3.436426116838488,79.51890034364261,17.0446735395189,999.0,-6.0,9.0,0.0,19.0,0.0,7.0,0.0,39.0,0.0,Low,209,31,7,187,1.0,21,0,Low,0,Low,0.9814693,0.016574856,0.0019558908,0.9814693
Turkey,2020-07-27,227019,5630,210469,10920,919,17,982,921.0,929.8571428571428,17.428571428571427,1066.7142857142858,919.0,17.0,982.0,-0.8629989212513456,2.479968636986332,92.7098612891432,4.810170073870469,999.0,-8.0,927.0,17.0,937.0,17.0,931.0,17.0,1008.0,19.0,Growing,209,31,7,187,1.0,21,0,Low,0,Low,0.9828447,0.015174517,0.0019808079,0.9828447
Uganda,2020-07-27,1128,2,986,140,13,0,4,8.428571428571429,7.071428571428571,0.2857142857142857,-12.142857142857142,13.0,0.0,4.0,8.333333333333325,0.1773049645390071,87.41134751773049,12.411347517730496,8.659716802522823,1.0,12.0,1.0,10.0,1.0,4.0,0.0,4.0,0.0,Growing,209,31,7,187,1.0,41,2,High,2,High,0.013489677,0.0035230587,0.9829873,0.9829873
Ukraine,2020-07-27,67096,1636,37202,28258,835,11,317,904.1428571428572,843.6428571428571,17.0,686.4285714285714,835.0,11.0,317.0,-11.546610169491522,2.438297364969596,55.44592822224872,42.11577441278169,999.0,-109.0,944.0,15.0,1004.0,21.0,690.0,13.0,638.0,15.0,Peak,209,31,7,187,1.0,29,1,Medium,1,Medium,0.0038769573,0.9932027,0.002920293,0.9932027
United Arab Emirates,2020-07-27,59177,345,52510,6322,264,1,328,283.42857142857144,284.2142857142857,0.7142857142857143,412.7142857142857,264.0,1.0,328.0,-24.786324786324787,0.5829967723946804,88.73379860418744,10.68320462341788,999.0,-87.0,351.0,1.0,261.0,1.0,271.0,1.0,344.0,1.0,Growing,209,31,7,187,1.0,11,0,Low,0,Low,0.99415874,0.0050365753,0.00080468395,0.99415874
United Kingdom,2020-07-27,301708,45844,1437,254427,688,7,3,680.5714285714286,715.5,63.85714285714285,3.4285714285714284,688.0,7.0,3.0,-8.266666666666666,15.194824134593713,0.4762883317644875,84.32888753364179,999.0,-62.0,750.0,14.0,769.0,123.0,586.0,12.0,537.0,11.0,Growing,209,31,7,187,1.0,52,2,High,2,High,0.002571893,0.023956692,0.97347146,0.97347146
United States,2020-07-27,4290259,148011,1325804,2816444,56336,1076,27941,65083.142857142855,66150.14285714286,998.0,23673.85714285714,56336.0,1076.0,27941.0,2.5166960857460063,3.449931577557438,30.90265645966829,65.64741196277427,27.88708801386316,1383.0,54953.0,470.0,73715.0,1130.0,61417.0,491.0,59215.0,361.0,Peak,209,31,7,187,4290259.0,50,2,High,2,High,0.0010295347,0.006273133,0.9926973,0.9926973
Uruguay,2020-07-27,1202,35,951,216,10,1,3,19.714285714285715,15.214285714285714,0.2857142857142857,3.4285714285714284,10.0,1.0,3.0,-44.44444444444444,2.9118136439267883,79.11813643926789,17.970049916805326,999.0,-8.0,18.0,0.0,25.0,0.0,10.0,0.0,2.0,0.0,Growing,209,31,7,187,1.0,21,0,Low,0,Low,0.98557866,0.013011002,0.0014103234,0.98557866
Uzbekistan,2020-07-27,21209,121,11674,9414,678,5,569,580.0,544.1428571428571,4.428571428571429,326.7142857142857,678.0,5.0,569.0,17.098445595854916,0.5705125182705455,55.042670564383045,44.38681691734641,4.391320683566174,99.0,579.0,5.0,374.0,3.0,397.0,3.0,594.0,4.0,Declining,209,31,7,187,1.0,67,2,High,2,High,0.002709198,0.0025164383,0.9947744,0.9947744
Vatican,2020-07-27,12,0,12,0,0,0,0,0.0,0.0,0.0,0.0,0.0,0.0,0.0,0.0,0.0,100.0,0.0,999.0,0.0,0.0,0.0,0.0,0.0,0.0,0.0,0.0,0.0,Low,209,31,7,187,1.0,11,0,Low,0,Low,0.9928457,0.006122511,0.0010317764,0.9928457
Venezuela,2020-07-27,15988,146,9959,5883,525,4,213,522.0,448.6428571428572,4.285714285714286,445.0,525.0,4.0,213.0,-1.6853932584269704,0.9131848886664998,62.29046785088816,36.79634726044533,999.0,-9.0,534.0,4.0,650.0,5.0,443.0,4.0,242.0,4.0,Peak,209,31,7,187,1.0,19,0,Low,0,Low,0.98421544,0.013588377,0.002196157,0.98421544
Vietnam,2020-07-27,431,0,365,66,11,0,0,6.714285714285714,4.142857142857143,0.0,0.7142857142857143,11.0,0.0,0.0,266.66666666666663,0.0,84.68677494199535,15.31322505800464,0.533484382560384,8.0,3.0,0.0,3.0,0.0,1.0,0.0,1.0,0.0,Growing,209,31,7,187,1.0,59,2,High,2,High,0.010933314,0.0034915057,0.9855752,0.9855752
Western Sahara,2020-07-27,10,1,8,1,0,0,0,0.0,0.0,0.0,0.0,0.0,0.0,0.0,0.0,10.0,80.0,10.0,999.0,0.0,0.0,0.0,0.0,0.0,0.0,0.0,0.0,0.0,Low,209,31,7,187,1.0,36,1,Medium,1,Medium,0.02167233,0.9653156,0.013012094,0.9653156
Yemen,2020-07-27,1691,483,833,375,10,4,36,10.285714285714286,13.785714285714286,5.142857142857143,17.0,10.0,4.0,36.0,42.85714285714286,28.562980484920164,49.260792430514485,22.176227084565344,1.943358209874732,3.0,7.0,5.0,20.0,8.0,13.0,2.0,33.0,7.0,Low,209,31,7,187,1.0,92,2,High,2,High,0.0005800983,0.0022649474,0.99715495,0.99715495
Zambia,2020-07-27,4552,140,2815,1597,71,1,465,175.14285714285714,189.78571428571428,1.7142857142857142,170.71428571428572,71.0,1.0,465.0,-53.59477124183007,3.075571177504393,61.84094903339192,35.08347978910369,999.0,-82.0,153.0,0.0,67.0,2.0,346.0,8.0,0.0,0.0,Low,209,31,7,187,1.0,29,1,Medium,1,Medium,0.012191589,0.9858645,0.0019439223,0.9858645
Zimbabwe,2020-07-27,2704,36,542,2126,192,2,24,141.57142857142858,119.28571428571428,1.4285714285714286,10.0,192.0,2.0,24.0,146.15384615384616,1.3313609467455625,20.04437869822485,78.62426035502959,0.7694910455170166,114.0,78.0,0.0,172.0,4.0,102.0,1.0,49.0,1.0,Peak,209,31,7,187,1.0,75,2,High,2,High,0.0020057538,0.005061225,0.99293303,0.99293303
